{
  "train": {
    "mae": 0.4963079916270526,
    "rmse": 0.7323918716457628,
    "r2": 0.8757013538083743,
    "mape": 18.03399022339883
  },
  "validation": {
    "mae": 0.7728635238264597,
    "rmse": 1.0665628919262715,
    "r2": 0.6796172858234887,
    "mape": 24.34160357400461
  }
}