{
  "train": {
    "mae": 0.47968490583256773,
    "rmse": 0.6614675722622408,
    "r2": 0.8664195637442352,
    "mape": 15.752774973767952
  },
  "validation": {
    "mae": 0.7758521519791121,
    "rmse": 1.047172006469609,
    "r2": 0.721916606032253,
    "mape": 30.28453093479171
  }
}