{
  "train": {
    "mae": 0.4684305419411675,
    "rmse": 0.7078184302798562,
    "r2": 0.8925382875080796,
    "mape": 16.535884600608792
  },
  "validation": {
    "mae": 0.7743182602295359,
    "rmse": 1.1408431766070655,
    "r2": 0.7698228897971405,
    "mape": 31.31502451857741
  }
}