{
  "train": {
    "mae": 0.37157364339481996,
    "rmse": 0.5784201522695783,
    "r2": 0.9203963765058105,
    "mape": 13.657250368841108
  },
  "validation": {
    "mae": 0.630750910139357,
    "rmse": 0.889377706209863,
    "r2": 0.801713245142353,
    "mape": 23.79900984898094
  }
}