{
  "train": {
    "mae": 0.06626860112598587,
    "rmse": 0.18274419592563576,
    "r2": 0.9997512992891889,
    "mape": 1.0109249405043228
  },
  "validation": {
    "mae": 0.2157067997783173,
    "rmse": 0.3521810868298412,
    "r2": 0.9967336241394817,
    "mape": 7.308521882380465
  }
}