{
  "train": {
    "mae": 0.4156054467126608,
    "rmse": 0.6717532771593999,
    "r2": 0.9144708006600322,
    "mape": 14.095176862231412
  },
  "validation": {
    "mae": 0.5764574113539598,
    "rmse": 0.8028744207945598,
    "r2": 0.8271830199554423,
    "mape": 19.358880172242156
  }
}