{
  "train": {
    "mae": 0.5221981998141012,
    "rmse": 0.7782390882636908,
    "r2": 0.8429671486627126,
    "mape": 18.582718491727356
  },
  "validation": {
    "mae": 0.5806614290711161,
    "rmse": 0.7063200646243033,
    "r2": 0.7387165780997028,
    "mape": 20.132738259793417
  }
}