{
  "train": {
    "mae": 0.33628760499224897,
    "rmse": 0.8117583443112212,
    "r2": 0.993547593070818,
    "mape": 1.5317594343002527
  },
  "validation": {
    "mae": 1.119734853997099,
    "rmse": 1.8841034282742313,
    "r2": 0.9675337358073066,
    "mape": 4.861819692044094
  }
}