{
  "train": {
    "mae": 0.1689949359425915,
    "rmse": 0.39224123120667276,
    "r2": 0.9991957128026232,
    "mape": 1.6942133026970212
  },
  "validation": {
    "mae": 0.25044682496461657,
    "rmse": 0.3954718136896801,
    "r2": 0.997620363710746,
    "mape": 5.986392624661329
  }
}