{
  "train": {
    "mae": 0.49835316089746856,
    "rmse": 0.7218970319940411,
    "r2": 0.8529338412542417,
    "mape": 18.730061722366205
  },
  "validation": {
    "mae": 0.6543333141271465,
    "rmse": 0.896513967499114,
    "r2": 0.788001061798055,
    "mape": 20.071478520830237
  }
}