{
  "train": {
    "mae": 0.682651671855755,
    "rmse": 1.4166482960108067,
    "r2": 0.9915115743399103,
    "mape": 1.3835678556279052
  },
  "validation": {
    "mae": 1.8050311350671489,
    "rmse": 3.159800734935516,
    "r2": 0.956375749605848,
    "mape": 3.498689227799323
  }
}