{
  "train": {
    "mae": 0.12605143742550576,
    "rmse": 0.39770853129917694,
    "r2": 0.9995396622182277,
    "mape": 0.7923649186302669
  },
  "validation": {
    "mae": 1.0696483991363717,
    "rmse": 2.2995916749287755,
    "r2": 0.9879683825344926,
    "mape": 6.9357107759613585
  }
}