{
  "train": {
    "mae": 0.3339884438219801,
    "rmse": 0.5091107436740319,
    "r2": 0.9238126100267028,
    "mape": 11.888832425670534
  },
  "validation": {
    "mae": 0.741526708344472,
    "rmse": 1.00806038474814,
    "r2": 0.7721469720932744,
    "mape": 32.136106361016274
  }
}