{
  "train": {
    "mae": 0.4694251625485829,
    "rmse": 0.6930261644627815,
    "r2": 0.8588047612209461,
    "mape": 17.678374886693273
  },
  "validation": {
    "mae": 0.5072900470841867,
    "rmse": 0.713810304838844,
    "r2": 0.8014410843588118,
    "mape": 20.10470922855171
  }
}