{
  "train": {
    "mae": 0.35461882452665594,
    "rmse": 0.7208893791698128,
    "r2": 0.9959666649472819,
    "mape": 1.2950255711276049
  },
  "validation": {
    "mae": 1.486662609929699,
    "rmse": 2.3762751264960804,
    "r2": 0.9588861750850598,
    "mape": 5.348928957411158
  }
}