{
  "train": {
    "mae": 0.34011007228176854,
    "rmse": 0.5124691206574363,
    "r2": 0.9337043592987567,
    "mape": 12.525104115200683
  },
  "validation": {
    "mae": 0.4526359253764085,
    "rmse": 0.5788189813182016,
    "r2": 0.8590184153652227,
    "mape": 16.606053338927488
  }
}