{
  "train": {
    "mae": 0.35028434532650804,
    "rmse": 0.5437632650394609,
    "r2": 0.9268942071771644,
    "mape": 13.11450004461317
  },
  "validation": {
    "mae": 0.705270194707471,
    "rmse": 0.9133777005237262,
    "r2": 0.7828331673573948,
    "mape": 27.70347682131242
  }
}