{
  "train": {
    "mae": 0.3725443046649353,
    "rmse": 0.5439009151086043,
    "r2": 0.9185263968574514,
    "mape": 14.673464141223564
  },
  "validation": {
    "mae": 0.5346258081221545,
    "rmse": 0.8120993452023193,
    "r2": 0.8618984530879327,
    "mape": 21.514508140477513
  }
}