{
  "train": {
    "mae": 0.349302748056848,
    "rmse": 0.48905447949722636,
    "r2": 0.9259850837675292,
    "mape": 13.528808030516892
  },
  "validation": {
    "mae": 0.5879151763791768,
    "rmse": 0.9161282854149432,
    "r2": 0.7779116079228381,
    "mape": 24.063614421474398
  }
}