{
  "train": {
    "mae": 0.43068360595824234,
    "rmse": 0.6161175916978402,
    "r2": 0.8969781669967819,
    "mape": 17.01237695694219
  },
  "validation": {
    "mae": 0.6671457505638504,
    "rmse": 0.9249529996032335,
    "r2": 0.7886036291154007,
    "mape": 29.953377547885836
  }
}