{
  "train": {
    "mae": 0.24764599048987898,
    "rmse": 0.5186128489368441,
    "r2": 0.9990783384126175,
    "mape": 1.5774543058218449
  },
  "validation": {
    "mae": 1.0808885860723345,
    "rmse": 1.9310867351096868,
    "r2": 0.9903930320736368,
    "mape": 7.466711000585488
  }
}