{
  "train": {
    "mae": 0.153927218544667,
    "rmse": 0.2797928282061941,
    "r2": 0.9945249714090123,
    "mape": 1.2794644326868696
  },
  "validation": {
    "mae": 0.4601768685333841,
    "rmse": 0.7761436650010525,
    "r2": 0.9598252700963341,
    "mape": 3.7592740955142507
  }
}