{
  "train": {
    "mae": 0.48132084667427105,
    "rmse": 0.7458358486964495,
    "r2": 0.8612980602938165,
    "mape": 16.48458174945868
  },
  "validation": {
    "mae": 0.7151467010860667,
    "rmse": 1.0860292128035698,
    "r2": 0.7333784355917319,
    "mape": 30.924375904205476
  }
}