{
  "train": {
    "mae": 1.2047036377499716,
    "rmse": 2.687699648499608,
    "r2": 0.9725992742090276,
    "mape": 1.9497191275488472
  },
  "validation": {
    "mae": 2.1401793150010135,
    "rmse": 3.065877447540415,
    "r2": 0.9621955980549751,
    "mape": 3.8126431580325035
  }
}