{
  "train": {
    "mae": 0.4593259539722868,
    "rmse": 0.7167680470281156,
    "r2": 0.875485439571204,
    "mape": 17.65647100962614
  },
  "validation": {
    "mae": 0.528113076765722,
    "rmse": 0.7296293055619478,
    "r2": 0.7937599329904602,
    "mape": 17.238354464331355
  }
}