{
  "train": {
    "mae": 0.29177636260102535,
    "rmse": 0.4266809643212129,
    "r2": 0.9263405140908094,
    "mape": 11.471792532382182
  },
  "validation": {
    "mae": 0.5455206301828052,
    "rmse": 0.8887399011096113,
    "r2": 0.782347455549453,
    "mape": 17.94940958636685
  }
}