{
  "train": {
    "mae": 0.20881404570766635,
    "rmse": 0.3005302065969738,
    "r2": 0.9674685707480004,
    "mape": 7.96895117141549
  },
  "validation": {
    "mae": 0.5637875958533374,
    "rmse": 0.7169398079484076,
    "r2": 0.8301571591745949,
    "mape": 17.52119645410779
  }
}