{
  "train": {
    "mae": 0.39301803876847347,
    "rmse": 0.701610343529225,
    "r2": 0.873090659691385,
    "mape": 14.075180249281324
  },
  "validation": {
    "mae": 0.384231442113207,
    "rmse": 0.5716550545189518,
    "r2": 0.8662183704465743,
    "mape": 17.042464493766964
  }
}