{
  "train": {
    "mae": 0.20991761746457308,
    "rmse": 0.4243965565506794,
    "r2": 0.9891733033230865,
    "mape": 1.4855321905616343
  },
  "validation": {
    "mae": 0.3458350117327719,
    "rmse": 0.5098630240255099,
    "r2": 0.9811103285394132,
    "mape": 2.548110465217266
  }
}