{
  "train": {
    "mae": 0.3036519577489246,
    "rmse": 0.7220004539863953,
    "r2": 0.9992226964694272,
    "mape": 1.2705798671968587
  },
  "validation": {
    "mae": 1.5111443368999897,
    "rmse": 2.880607586884303,
    "r2": 0.9893040691847027,
    "mape": 12.188416403716364
  }
}