{
  "train": {
    "mae": 0.4038048949074981,
    "rmse": 0.6434384486599518,
    "r2": 0.8872304800654031,
    "mape": 15.994321818747656
  },
  "validation": {
    "mae": 0.35594973037243427,
    "rmse": 0.4879576236564722,
    "r2": 0.9096894338516145,
    "mape": 16.48344371549416
  }
}