{
  "train": {
    "mae": 0.4565763557274433,
    "rmse": 0.7633832061222052,
    "r2": 0.8742446321905678,
    "mape": 16.021038077355744
  },
  "validation": {
    "mae": 0.5749581047346153,
    "rmse": 0.7623265068827714,
    "r2": 0.8612232058706447,
    "mape": 22.253500560370675
  }
}