{
  "train": {
    "mae": 0.6031690939809892,
    "rmse": 0.8953398743499353,
    "r2": 0.780935840897129,
    "mape": 25.17038025061231
  },
  "validation": {
    "mae": 0.811008715909868,
    "rmse": 1.8371169939630787,
    "r2": 0.49583841582188404,
    "mape": 23.275889656357805
  }
}