{
  "train": {
    "mae": 0.27617912745098017,
    "rmse": 0.42924493544112097,
    "r2": 0.9413977362724093,
    "mape": 10.601201330522324
  },
  "validation": {
    "mae": 0.6839829160273831,
    "rmse": 1.0896995979453998,
    "r2": 0.8031037227413824,
    "mape": 25.422035641071787
  }
}