{
  "train": {
    "mae": 0.21895448866911446,
    "rmse": 0.4327785086960872,
    "r2": 0.9995637752386113,
    "mape": 0.9991955703561648
  },
  "validation": {
    "mae": 1.5809569243160937,
    "rmse": 2.5828333888670865,
    "r2": 0.989695080740417,
    "mape": 7.457488234393474
  }
}