{
  "train": {
    "mae": 0.4345748194564105,
    "rmse": 0.7434329952723516,
    "r2": 0.8569935967691517,
    "mape": 15.700782648184882
  },
  "validation": {
    "mae": 0.41353742415814426,
    "rmse": 0.629865119413324,
    "r2": 0.8442529602947679,
    "mape": 16.084783514844517
  }
}