{
  "train": {
    "mae": 0.3036978051013422,
    "rmse": 0.5098505515479536,
    "r2": 0.9281913467489251,
    "mape": 11.230401296889728
  },
  "validation": {
    "mae": 0.3202900791280564,
    "rmse": 0.42467998439318794,
    "r2": 0.9157183885536387,
    "mape": 16.78135161152084
  }
}