{
  "train": {
    "mae": 0.3677072233362462,
    "rmse": 0.5633314961339907,
    "r2": 0.9125237603944,
    "mape": 13.29497965313727
  },
  "validation": {
    "mae": 0.5956611219340281,
    "rmse": 0.7569976019685771,
    "r2": 0.8302607351389784,
    "mape": 22.276979442561533
  }
}