{
  "train": {
    "mae": 0.45238424067817284,
    "rmse": 0.7616667569292571,
    "r2": 0.885556982136626,
    "mape": 16.98348455419971
  },
  "validation": {
    "mae": 0.27765304479904707,
    "rmse": 0.34247549281899337,
    "r2": 0.9353535212458451,
    "mape": 10.506922308323464
  }
}