{
  "train": {
    "mae": 0.5300481981406363,
    "rmse": 0.8715204817335487,
    "r2": 0.8222451182058023,
    "mape": 19.09326361382092
  },
  "validation": {
    "mae": 0.59770392471159,
    "rmse": 0.8380981054109164,
    "r2": 0.7710925231842345,
    "mape": 25.50713692246644
  }
}