{
  "train": {
    "mae": 0.2951922840712518,
    "rmse": 0.47715756524457337,
    "r2": 0.9414652100710192,
    "mape": 10.354043670759804
  },
  "validation": {
    "mae": 0.5371199619336118,
    "rmse": 1.0485505974220837,
    "r2": 0.8134715843170013,
    "mape": 21.182381486107698
  }
}