{
  "train": {
    "mae": 0.23424912996800284,
    "rmse": 0.48601292906435245,
    "r2": 0.9805504398654307,
    "mape": 2.1138548827777064
  },
  "validation": {
    "mae": 0.5508212895780537,
    "rmse": 0.9717488366601904,
    "r2": 0.9198696752041232,
    "mape": 4.409237084959167
  }
}