{
  "train": {
    "mae": 0.552363626299994,
    "rmse": 0.7998407079896398,
    "r2": 0.8434654789467441,
    "mape": 19.984102255254367
  },
  "validation": {
    "mae": 1.284255898218572,
    "rmse": 1.8668116897444051,
    "r2": 0.5555747708179949,
    "mape": 47.20994810894005
  }
}