{
  "train": {
    "mae": 0.36090547961647274,
    "rmse": 0.6195473503157174,
    "r2": 0.8912469493344048,
    "mape": 14.014062281920998
  },
  "validation": {
    "mae": 0.5850161053498755,
    "rmse": 0.8435036718563181,
    "r2": 0.7880091632375079,
    "mape": 19.49672546838704
  }
}