{
  "train": {
    "mae": 0.17549327898261294,
    "rmse": 0.30967125941321555,
    "r2": 0.997605789181427,
    "mape": 2.4417475506932087
  },
  "validation": {
    "mae": 0.2951307355548978,
    "rmse": 0.4089484013848147,
    "r2": 0.9948031191769607,
    "mape": 7.283701898946851
  }
}