{
  "train": {
    "mae": 0.49492698624295584,
    "rmse": 0.7795701588927157,
    "r2": 0.8284726065004995,
    "mape": 19.73685276604538
  },
  "validation": {
    "mae": 0.4989965394561688,
    "rmse": 0.9721886232447848,
    "r2": 0.7244904786235041,
    "mape": 18.48949335620799
  }
}