{
  "train": {
    "mae": 0.3566443442353681,
    "rmse": 0.545315687192798,
    "r2": 0.940101740380762,
    "mape": 12.490361158767877
  },
  "validation": {
    "mae": 0.48573334059777395,
    "rmse": 0.796284312060798,
    "r2": 0.8530070693541036,
    "mape": 13.546502437975787
  }
}