{
  "train": {
    "mae": 0.43911750383165826,
    "rmse": 0.712444835848652,
    "r2": 0.8817761308815757,
    "mape": 15.808170396836552
  },
  "validation": {
    "mae": 0.39680196022088365,
    "rmse": 0.5114901850286233,
    "r2": 0.8714583050440883,
    "mape": 18.44471288295558
  }
}