{
  "train": {
    "mae": 0.41767350750385007,
    "rmse": 0.6358501435402765,
    "r2": 0.8911014901522997,
    "mape": 15.14948263224169
  },
  "validation": {
    "mae": 0.8989330570546231,
    "rmse": 1.3069403242498852,
    "r2": 0.6719567196908622,
    "mape": 35.91055254348824
  }
}