{
  "train": {
    "mae": 0.4721013804556815,
    "rmse": 0.811182098960203,
    "r2": 0.8400088231906551,
    "mape": 16.713623805251437
  },
  "validation": {
    "mae": 0.4350202296603217,
    "rmse": 0.5440691831218882,
    "r2": 0.8581583450197798,
    "mape": 22.661930312331418
  }
}