{
  "train": {
    "mae": 0.3894120967299102,
    "rmse": 0.6625544882937523,
    "r2": 0.9085833266758481,
    "mape": 14.437660428188707
  },
  "validation": {
    "mae": 0.6089477413485812,
    "rmse": 0.9000295339980963,
    "r2": 0.8036234758621017,
    "mape": 23.808011541016203
  }
}