{
  "train": {
    "mae": 0.45230082790085174,
    "rmse": 0.7051298648827646,
    "r2": 0.8769980288815526,
    "mape": 17.241006520935247
  },
  "validation": {
    "mae": 0.7861076675638493,
    "rmse": 1.418924402690552,
    "r2": 0.5833861962776579,
    "mape": 28.361502959246693
  }
}