{
  "train": {
    "mae": 0.06639228945868904,
    "rmse": 0.12525308245861988,
    "r2": 0.9997187024606407,
    "mape": 1.313140035221627
  },
  "validation": {
    "mae": 0.4528542803603582,
    "rmse": 0.7139767772790859,
    "r2": 0.9924248417373958,
    "mape": 9.370869255995105
  }
}