{
  "train": {
    "mae": 0.38829185674560185,
    "rmse": 0.7516423615029993,
    "r2": 0.8581119040350399,
    "mape": 14.663752068897587
  },
  "validation": {
    "mae": 0.7185849181155384,
    "rmse": 0.9420248305173521,
    "r2": 0.8320554362471707,
    "mape": 24.63053643196021
  }
}