{
  "train": {
    "mae": 0.30027692646309506,
    "rmse": 0.43653083098632883,
    "r2": 0.9466787800793469,
    "mape": 11.489091162722112
  },
  "validation": {
    "mae": 0.5217654610045265,
    "rmse": 0.9301914152865729,
    "r2": 0.8237989199645519,
    "mape": 14.179827355543534
  }
}