{
  "train": {
    "mae": 0.7082904864537659,
    "rmse": 1.373344574634579,
    "r2": 0.9903268189962419,
    "mape": 1.606434748869251
  },
  "validation": {
    "mae": 2.1271108616675956,
    "rmse": 4.296170180733472,
    "r2": 0.9219725070998126,
    "mape": 4.47573450238839
  }
}