{
  "train": {
    "mae": 0.09264514146337333,
    "rmse": 0.22125513999719484,
    "r2": 0.9993189533954692,
    "mape": 1.8260809822559743
  },
  "validation": {
    "mae": 0.1800177163592632,
    "rmse": 0.2684080183973906,
    "r2": 0.997188035495398,
    "mape": 9.143729765041432
  }
}