{
  "train": {
    "mae": 0.40109249413608056,
    "rmse": 0.6825302760842826,
    "r2": 0.8480098743638386,
    "mape": 14.735550059284709
  },
  "validation": {
    "mae": 0.8156705073134605,
    "rmse": 1.3939767698346108,
    "r2": 0.5943819342094958,
    "mape": 24.867885025140748
  }
}