{
  "train": {
    "mae": 0.07596224147505318,
    "rmse": 0.1443597123926218,
    "r2": 0.9995220896224668,
    "mape": 0.9831058402053628
  },
  "validation": {
    "mae": 0.326395654015713,
    "rmse": 0.5683495215467027,
    "r2": 0.9952668859948693,
    "mape": 5.847588540364368
  }
}