{
  "train": {
    "mae": 0.4068097590553084,
    "rmse": 0.6421258840286586,
    "r2": 0.8785188949358658,
    "mape": 14.578993383918231
  },
  "validation": {
    "mae": 0.6023151493977964,
    "rmse": 0.9242497959496362,
    "r2": 0.7542954366072534,
    "mape": 20.41917181954605
  }
}