{
  "train": {
    "mae": 0.3697203971536015,
    "rmse": 0.5397163895372193,
    "r2": 0.9218398654719474,
    "mape": 12.569579491670407
  },
  "validation": {
    "mae": 0.43827144198455664,
    "rmse": 0.5689728458435229,
    "r2": 0.8586160954191824,
    "mape": 15.833022561627327
  }
}