{
  "train": {
    "mae": 0.18440159961293745,
    "rmse": 0.3884325553466853,
    "r2": 0.9931862178208721,
    "mape": 1.0750795661321568
  },
  "validation": {
    "mae": 0.5722896247867376,
    "rmse": 0.9605476104639937,
    "r2": 0.9587882671410602,
    "mape": 3.1924779851849556
  }
}