{
  "train": {
    "mae": 0.434028280278833,
    "rmse": 0.7023217628537339,
    "r2": 0.8894599151399212,
    "mape": 15.887889773494907
  },
  "validation": {
    "mae": 0.5383756284462261,
    "rmse": 0.7388490711313562,
    "r2": 0.8203919315825329,
    "mape": 25.967614986131345
  }
}