{
  "train": {
    "mae": 0.4359470336855667,
    "rmse": 0.7155315134332384,
    "r2": 0.9008975618935312,
    "mape": 14.738686944757037
  },
  "validation": {
    "mae": 0.4283996979368586,
    "rmse": 0.544414829165901,
    "r2": 0.8884253576635032,
    "mape": 18.818209872054435
  }
}